Card Title,Card Images,Card Annual Fees,Card Purchase Interest Rate,Cash interest rate,Product Value Prop,Product Benefits, Name,Card Details
CIBC Aventura  Visa Infinite* Card,https://www.cibc.com/content/dam/global-assets/card-art/credit-cards/aventura-cards/cibc-aventura-visa-infinite-card/cibc-visa-aventura-infinite-fr.png/_jcr_content/renditions/cq5dam.thumbnail.319.319.png,$139,20.99%,22.99%,Experience more of the world with our most flexible travel rewards program.,"2 points per $1 on travel booked through the CIBC Rewards Centre * 1.5 points per $1 on eligible gas, electric vehicle charging, grocery and drugstore purchases * Lounge access | NEXUS application fee rebate | Visa* concierge service",CIBC,https://www.cibc.com/en/personal-banking/credit-cards/all-credit-cards/aventura-visa-infinite-card.html
CIBC Aeroplan  Visa Infinite* Card,https://www.cibc.com/content/dam/global-assets/card-art/credit-cards/aeroplan-cards/cibc-aeroplan-visa-infinite-card/cibc-aeroplan-infinite-en.png/_jcr_content/renditions/cq5dam.thumbnail.319.319.png,$139,20.99%,22.99%,Earn more points towards your dream vacation.,"1.5 points per $1 directly with Air Canada and Air Canada Vacations * 1.5 points per $1 on eligible gas, electric vehicle charging and groceries * First bag free | Visa* concierge service | Preferred pricing",CIBC,https://www.cibc.com/en/personal-banking/credit-cards/all-credit-cards/aeroplan-visa-infinite-card.html
CIBC Aventura  Visa Infinite Privilege* Card,https://www.cibc.com/content/dam/global-assets/card-art/credit-cards/aventura-cards/cibc-aventura-visa-infinite-privilege-card/cibc-visa-aventura-infinite-privilege-en.png/_jcr_content/renditions/cq5dam.thumbnail.319.319.png,$499,20.99%,22.99%,Take your travel to new heights with exceptional benefits.,"3 points per $1 on travel booked through the CIBC Rewards Centre * 2 points on eligible dining, transportation, gas, electric vehicle charging and groceries * Annual travel credit | Lounge access | NEXUS fee rebate and more",CIBC,https://www.cibc.com/en/personal-banking/credit-cards/all-credit-cards/aventura-visa-infinite-privilege-card.html
CIBC Aeroplan  Visa Infinite Privilege* Card,https://www.cibc.com/content/dam/global-assets/card-art/credit-cards/aeroplan-cards/cibc-aeroplan-visa-infinite-privilege-card/cibc-aeroplan-infinite-privilege-fr.png/_jcr_content/renditions/cq5dam.thumbnail.319.319.png,$599,20.99%,22.99%,Elevate your trip every step of the way with premium travel benefits.,"2 points per $1 directly with Air Canada and Air Canada Vacations * 1.5 points per $1 on eligible gas, electric vehicle charging, groceries, travel and dining * Lounge access | First bag free | Priority Airport Services",CIBC,https://www.cibc.com/en/personal-banking/credit-cards/all-credit-cards/aeroplan-visa-infinite-privilege-card.html
CIBC Aventura  Gold Visa* Card,https://www.cibc.com/content/dam/global-assets/card-art/credit-cards/aventura-cards/cibc-aventura-gold-visa-card/cibc-visa-aventura-gold-en.png/_jcr_content/renditions/cq5dam.thumbnail.319.319.png,$139,20.99%,22.99%,Experience more of the world with our most flexible travel rewards program.,"2 points per $1 on travel booked through the CIBC Rewards Centre * 1.5 points per $1 on eligible gas, electric vehicle charging, grocery and drugstore purchases * Lounge access | NEXUS fee rebate",CIBC,https://www.cibc.com/en/personal-banking/credit-cards/all-credit-cards/aventura-gold-visa-card.html
CIBC Aventura  Visa* Card,https://www.cibc.com/content/dam/global-assets/card-art/credit-cards/aventura-cards/cibc-aventura-visa-card/cibc-visa-aventura-en.png/_jcr_content/renditions/cq5dam.thumbnail.319.319.png,$0,20.99%,22.99%,Experience more of the world with our most flexible travel rewards program.,"1 point per $1 on travel booked through the CIBC Rewards Centre * 1 point per $1 on eligible gas, electric vehicle charging, grocery and drugstore purchases * Book travel with personalized assistance",CIBC,https://www.cibc.com/en/personal-banking/credit-cards/all-credit-cards/aventura-visa-card.html
CIBC Aeroplan  Visa* Card,https://www.cibc.com/content/dam/global-assets/card-art/credit-cards/aeroplan-cards/cibc-aeroplan-visa-card-for-students/cibc-aeroplan-visa-card-for-students-en.png/_jcr_content/renditions/cq5dam.thumbnail.319.319.png,$0,20.99%,22.99%,The no annual fee travel card that turns your everyday purchases into a dream vacation.,"1 point per $1 directly with Air Canada and Air Canada Vacations * 1 point per $1 on eligible gas, electric vehicle charging and groceries * Preferred pricing | Earn points twice at over 170 retailers",CIBC,https://www.cibc.com/en/personal-banking/credit-cards/all-credit-cards/aeroplan-visa-card.html
CIBC Aventura  Visa* Card for Students,https://www.cibc.com/content/dam/global-assets/card-art/credit-cards/aventura-cards/cibc-aventura-visa-card-for-students/cibc-visa-aventura-en.png/_jcr_content/renditions/cq5dam.thumbnail.319.319.png,$0,20.99%,22.99%,Experience more of the world with our most flexible travel rewards program.,"1 point per $1 on travel booked through the CIBC Rewards Centre * 1 point per $1 on eligible gas, electric vehicle charging, grocery and drugstore purchases * Free SPC+ membership | CIBC Pace It Installment Plans",CIBC,https://www.cibc.com/en/personal-banking/credit-cards/all-credit-cards/aventura-visa-for-students.html
CIBC Aeroplan  Visa* Card for Students,https://www.cibc.com/content/dam/global-assets/card-art/credit-cards/aeroplan-cards/cibc-aeroplan-visa-card-for-students/cibc-aeroplan-visa-card-for-students-en.png/_jcr_content/renditions/cq5dam.thumbnail.319.319.png,$0,20.99%,22.99%,A no annual fee travel card that turns your everyday purchases into a dream vacation.,"1 point per $1 directly with Air Canada and Air Canada Vacations * 1 point per $1 on eligible gas, electric vehicle charging and groceries * Preferred pricing | Earn points twice at over 170 retailers",CIBC,https://www.cibc.com/en/personal-banking/credit-cards/all-credit-cards/aeroplan-visa-for-students.html
CIBC Dividend  Visa Infinite* Card,https://www.cibc.com/content/dam/global-assets/card-art/credit-cards/dividend-cards/cibc-dividend-visa-infinite-card/cibc-dividend-visa-infinite-card-en.png/_jcr_content/renditions/cq5dam.thumbnail.319.319.png,$120,20.99%,22.99%,Maximize your earnings and enjoy exclusive perks with our top-rated cash back card.,"4% cash back on eligible gas, electric vehicle charging and groceries * 2% cash back on eligible transportation, dining and recurring payments * Mobile Device Insurance | Save on gas | Visa* concierge services",CIBC,https://www.cibc.com/en/personal-banking/credit-cards/all-credit-cards/dividend-visa-infinite-card.html
CIBC Dividend Platinum  Visa* Card,https://www.cibc.com/content/dam/global-assets/card-art/credit-cards/dividend-cards/cibc-dividend-platinum-visa-card/cibc-dividend-platinum-visa-card-en.png/_jcr_content/renditions/cq5dam.thumbnail.319.319.png,$99,20.99%,22.99%,Reward your everyday spending with the cash back card that gives you more.,"3% cash back on eligible gas, electric vehicle charging and groceries * 2% cash back on eligible transportation, dining and recurring payments * Save on gas | Auto Rental Collision Insurance | Pay in installments",CIBC,https://www.cibc.com/en/personal-banking/credit-cards/all-credit-cards/dividend-visa-platinum-card.html
CIBC Dividend  Visa* Card,https://www.cibc.com/content/dam/global-assets/card-art/credit-cards/dividend-cards/cibc-dividend-visa-card/cibc-dividend-visa-card-en.png/_jcr_content/renditions/cq5dam.thumbnail.319.319.png,$0,20.99%,22.99%,"Get the reliable, everyday use card that earns you cash back on daily essentials for no annual fee.","2% cash back on eligible groceries * 1% cash back on eligible gas, electric vehicle charging, transportation, dining and recurring payments * Save on gas | Extended warranty | CIBC Pace It Installment Plans",CIBC,https://www.cibc.com/en/personal-banking/credit-cards/all-credit-cards/dividend-visa-card.html
CIBC Dividend  Visa* Card for Students,https://www.cibc.com/content/dam/global-assets/card-art/credit-cards/dividend-cards/cibc-dividend-visa-card-for-students/cibc-dividend-visa-card-for-students-en.png/_jcr_content/renditions/cq5dam.thumbnail.319.319.png,$0,20.99%,22.99%,"Student budgets go further with cash back on groceries, transportation and other daily essentials.","2% cash back on eligible groceries * 1% cash back on eligible gas, electric vehicle charging, transportation and recurring payments * Free SPC+ membership | Extended warranty | Pay in installments",CIBC,https://www.cibc.com/en/personal-banking/credit-cards/all-credit-cards/dividend-visa-for-students.html
CIBC Costco Mastercard,https://www.cibc.com/content/dam/global-assets/card-art/credit-cards/costco-card/cibc-mastercard-costco.png/_jcr_content/renditions/cq5dam.thumbnail.319.319.png,$0,20.75%,22.49%,The CIBC Costco Mastercard is exclusively for Costco members.,"3% cash back at restaurants and Costco gas * 2% cash back at other gas stations, electric vehicle charging stations and at Costco.ca * CIBC Pace It Installment Plans: Special rates on eligible Costco purchases",CIBC,https://www.cibc.com/en/personal-banking/credit-cards/all-credit-cards/costco-mastercard.html
CIBC U.S. Dollar Aventura  Gold Visa* Card,https://www.cibc.com/content/dam/global-assets/card-art/credit-cards/aventura-cards/cibc-us-dollar-aventura-gold-visa-card/cibc-visa-aventura-us-dollar-en.png/_jcr_content/renditions/cq5dam.thumbnail.319.319.png,$35,20.99%,22.99%,Shop across the border? Skip the currency conversion fees.,1 point per $1 on travel booked through the CIBC Rewards Centre * 1 point for every $2 spent on all other purchases * No currency conversion fees for USD purchases,CIBC,https://www.cibc.com/en/personal-banking/credit-cards/all-credit-cards/us-dollar-aventura-gold-visa-card.html
CIBC Select Visa* Card,https://www.cibc.com/content/dam/global-assets/card-art/credit-cards/select-cards/cibc-select-visa-card/cibc-visa-select-en.png/_jcr_content/renditions/cq5dam.thumbnail.319.319.png,$29,13.99%,13.99%,Reduce interest payments with a low interest rate credit card.,Get a first year annual fee rebate * Save up to 10 cents per litre on gas with CIBC and Journie Rewards * Send money abroad with $0 transfer fee with CIBC Global Money Transfer,CIBC,https://www.cibc.com/en/personal-banking/credit-cards/all-credit-cards/select-visa-card.html
CIBC Aventura  Visa* Card for Business,https://www.cibc.com/content/dam/global-assets/card-art/credit-cards/aventura-cards/cibc-aventura-visa-card-for-business/cibc-visa-aventura-gold-business-en.png/_jcr_content/renditions/cq5dam.thumbnail.319.319.png,$180,12.99%,12.99%,Experience more of the world with our most flexible travel rewards program.,"2 points per $1 on travel booked through the CIBC Rewards Centre * 1.5 points per $1 on eligible gas, electric vehicle charging, flights, hotels and other travel * Transfer Aventura points between accounts",CIBC,https://www.cibc.com/en/business/credit-cards/aventura-visa.html
CIBC Aeroplan  Visa* Business Card,https://www.cibc.com/content/dam/global-assets/card-art/credit-cards/aeroplan-cards/cibc-aeroplan-visa-business-card/cibc-aeroplan-business-en.png/_jcr_content/renditions/cq5dam.thumbnail.319.319.png,$180,12.99%,12.99%,Earn faster so you can travel more.,"2 points per $1 directly with Air Canada and Air Canada Vacations * 1.5 points per $1 on internet, cable, travel, dining and more * First bag free | Lounge access | Preferred pricing",CIBC,https://www.cibc.com/en/business/credit-cards/aeroplan-visa-business.html
CIBC Costco Business Mastercard,https://www.cibc.com/content/dam/global-assets/card-art/credit-cards/costco-card/cibc-mastercard-costco-business.png/_jcr_content/renditions/cq5dam.thumbnail.319.319.png,$0,20.75%,22.49%,The only business credit card exclusively for Costco members.,"3% cash back at Costco gas and restaurants * 2% cash back at Costcobusinesscentre.ca, at Costco.ca, on shipping, on insurance services, at other gas stations and at electric vehicle charging stations * CIBC Pace It Installment Plans: Special rates on eligible Costco purchases",CIBC,https://www.cibc.com/en/business/credit-cards/costco-mastercard-business.html
CIBC Aventura  Visa* Card for Business Plus,https://www.cibc.com/content/dam/global-assets/card-art/credit-cards/aventura-cards/cibc-aventura-visa-card-for-business-plus/cibc-visa-aventura-business-plus-en.png/_jcr_content/renditions/cq5dam.thumbnail.319.319.png,$120,19.99%,22.99%,Experience more of the world with our most flexible travel rewards program.,"2 points per $1 on travel booked through the CIBC Rewards Centre * 1.5 points per $1 on eligible gas, electric vehicle charging and travel purchases * Transfer Aventura points between accounts",CIBC,https://www.cibc.com/en/business/credit-cards/aventura-plus-visa.html
CIBC Aeroplan  Visa* Business Plus Card,https://www.cibc.com/content/dam/global-assets/card-art/credit-cards/aeroplan-cards/cibc-aeroplan-visa-business-plus-card/cibc-aeroplan-business-plus-en.png/_jcr_content/renditions/cq5dam.thumbnail.319.319.png,$120,19.99%,22.99%,Earn faster so you can travel more.,"2 points per $1 directly with Air Canada and Air Canada Vacations * 1.5 points per $1 on internet, cable, travel, dining and more * First bag free | Lounge access | Preferred pricing",CIBC,https://www.cibc.com/en/business/credit-cards/aeroplan-visa-business-plus.html
CIBC bizline  Visa* Card,https://www.cibc.com/content/dam/global-assets/card-art/credit-cards/bizline-cards/cibc-bizline-visa-card-for-business/cibc-visa-bizline-en.png/_jcr_content/renditions/cq5dam.thumbnail.319.319.png,$0,1.50%,1.50%,Grow your business with affordable credit and low interest rates.,"Access high credit limit up to $50,0001 * Add up to 9 cardholders under one account * CIBC CreditSmart helps you track your credit card activity",CIBC,https://www.cibc.com/en/business/credit-cards/bizline-visa.html
CIBC Corporate Classic Plus Visa* Card,https://www.cibc.com/content/dam/global-assets/card-art/credit-cards/corporate-cards/cibc-corporate-classic-plus-visa-card/cibc-visa-corporate-classic-plus-en.png/_jcr_content/renditions/cq5dam.thumbnail.319.319.png,$20,19.99%,22.99%,Effectively track business expenses through customized Visa Business Reporting.,Enjoy automatic savings with Visa SavingsEdge * Securely access all account information for your business * Up to 25% off car rentals at participating Avis and Budget locations,CIBC,https://www.cibc.com/en/business/credit-cards/corporate-classic-plus-visa.html
CIBC Classic Visa* Card,https://www.cibc.com/content/dam/global-assets/card-art/credit-cards/classic-cards/cibc-classic-visa-card/cibc-classic-visa-card-en.png/_jcr_content/renditions/cq5dam.thumbnail.319.319.png,$0,20.99%,22.99%,Get insurance coverage for no annual fee.,Send money abroad with $0 transfer fee with CIBC Global Money Transfer * Pay off large purchases with CIBC Pace It low rate Installment Plans * Save up to 10 cents per litre on gas with CIBC and Journie Rewards ,CIBC,https://www.cibc.com/en/personal-banking/credit-cards/all-credit-cards/classic-visa-card.html
CIBC Classic Visa* Card for Students,https://www.cibc.com/content/dam/global-assets/card-art/credit-cards/classic-cards/cibc-classic-visa-card-for-students/cibc-classic-visa-card-for-students-en.png/_jcr_content/renditions/cq5dam.thumbnail.319.319.png,$0,20.99%,22.99%,Send money abroad with $0 transfer fee with CIBC Global Money Transfer.,Free SPC+ membership | CIBC Pace It Installment Plans * Save up to 10 cents per litre on gas with CIBC and Journie Rewards,CIBC,https://www.cibc.com/en/personal-banking/credit-cards/all-credit-cards/classic-visa-for-students.html
BMO eclipse rise Visa* Card,https://www.bmo.com/dist/images/personal/credit-cards/bmo-eclipse-visa-rise-card-1.webp,$0,21.99%,23.99%,"You deserve to be rewarded! Get 20,000 points and a 0.99% introductory interest rate on Balance Transfers for 9 months with a 2% transfer fee.91,§§ Plus, earn up to 5,000 bonus points every year!","Earn a bonus of up to 5,000 points every year! Pay your full credit card balance on time for 12 consecutive months and get 2,500 bonus points, and get another 2,500 bonus points for redeeming at least 12,000 BMO Rewards points towards your credit card purchases using Pay with Points every year - it™s as easy as redeeming 1,000 points a month! *  5x Five times the points for every $2 spent on dining in and out, groceries, and recurring bill payments,1 point for every $2 spent on everything else. *  Get up to $1,000 worth of protection for your smartphone, cellular phone or tablet worldwide when purchased or financed with a Canadian wireless service provider on your card",BMO,https://www.bmo.com/en-ca/main/personal/credit-cards/bmo-eclipse-rise-visa/
BMO eclipse Visa Infinite* Card,"        https://www.bmo.com/dist/images/personal/credit-cards/infinite/NpsPEm30TM.png
",$120,21.99%,23.99%,"You deserve to be rewarded! Get up to 60,000 points and the $120 annual fee waived in the first year."," 5x the points for every $1 spent on groceries, dining in and out, gas, and transit, 1 point for every $1 spent on everything else * Earn 10% more points on all purchases when you add an authorized user to your account * Get up to $1,000 worth of protection for your smartphone, cellular phone or tablet worldwide when purchased or financed with a Canadian wireless service provider on your card. ",BMO,https://www.bmo.com/main/personal/credit-cards/bmo-eclipse-visa-infinite/
BMO Ascend World Elite®* Mastercard®*,"	https://www.bmo.com/dist/images/personal/credit-cards/bmo-rewards-world-elite-mastercard.png",$150,21.99%,23.99%,"Get up to 90,000 points and the annual fee waived in the first year for both the primary cardholder and authorized users.","5x the points for every $1 spent on eligible travel purchases 3x the points for every $1 spent on eligible dining and entertainment purchases and recurring bill payments, 1 point for every $1 spent everywhere else.",BMO,https://www.bmo.com/main/personal/credit-cards/bmo-ascend-world-elite-mastercard/
BMO eclipse Visa Infinite Privilegefootnote* Card,"	https://www.bmo.com/dist/images/personal/credit-cards/infinite/scO832ZxPK.png",$599,21.99%,23.99%,"You deserve to be rewarded! Get up to 120,000 points.","5x the points for every $1 spent on groceries, dining in and out, drugstore purchases, gas, and travel, 1 point for every $1 spent on everything else * Earn 25% more points on all purchases when you add an authorized user to your account *  Out-of-Province/Country Emergency Medical Insurance, Common Carrier Insurance, and Car Rental Collision or Loss Damage Insurance, Trip Cancellation/Trip Interruption Insurance, Flight Delay and Baggage Insurance",BMO,https://www.bmo.com/main/personal/credit-cards/bmo-eclipse-visa-infinite-privilege/
BMO CashBack® Mastercard®*,"        https://www.bmo.com/dist/images/personal/credit-cards/bmo-cashback-mastercard.png
",$0,21.99%,23.99%,Get up to 5% cash back in your first 3 months¡¡ and a 0.99% introductory interest rate on Balance Transfers for 9 months with a 2% transfer fee.,"After your first 3 months, get 3% cash back on grocery purchases, 1% cash back on recurring bill payments and 0.5% unlimited cash back on all other purchases.",BMO,https://www.bmo.com/main/personal/credit-cards/bmo-cashback-mastercard/
BMO Preferred Rate Mastercard®*,"	https://www.bmo.com/dist/images/personal/credit-cards/bmo-preferred-rate.png",$29,13.99%,15.99%,Get a 0.99% introductory interest rate on Balance Transfers for 9 months with a 2% transfer fee? and we’ll waive the $29 annual fee for the first year.,N/A,BMO,https://www.bmo.com/main/personal/credit-cards/preferred-rate-mastercard/
BMO AIR MILES®  Mastercard®*,"        https://www.bmo.com/dist/images/personal/credit-cards/bmo-air-miles-mastercard.webp
",$0,21.99%,23.99%,Get 800 AIR MILES Bonus Miles¡ (that™s enough for $80 towards purchases with AIR MILES Cash) and a 0.99% introductory interest rate on balance transfers for 9 months with a 2% transfer fee.,"1 Mile for every $25 spent * Always get 3x the Miles for every $25 spent at participating AIR MILES Partners *
Get 2x the Miles for every $25 spent at any eligible grocery store *
Get 2x the Miles at any eligible wholesale clubs, membership-based retailers and alcohol retailers. *
Get up to seven cents off per litre on Shell®± fuel, only for BMO cardholders. *
Your BMO AIR MILES credit card makes it easier to score Miles while you shop at your favourite brands.",BMO,https://www.bmo.com/main/personal/credit-cards/bmo-airmiles-mastercard/
BMO CashBack® World Elite®* Mastercard®,"	https://www.bmo.com/dist/images/personal/credit-cards/bmo-cashback-world-elite-mastercard.png",$120,21.99%,23.99%,Get up to 10% cash back in your first 3 months and the $120 annual fee waived in the first year.,"Earn more cash back on the categories that mean the most: 5% on groceries, 4% on transit including ride sharing, taxis and public transportation, 3% on gas and electric vehicle charging, 2% on recurring bill payments like your monthly phone bill or favourite streaming services, and 1% unlimited cash back on all other purchases.",BMO,https://www.bmo.com/main/personal/credit-cards/bmo-cashback-world-elite-mastercard/
BMO AIR MILES®  World Elite®* Mastercard®,"	https://www.bmo.com/dist/images/personal/credit-cards/bmo-air-miles-world-elite-mastercard.png",$120,21.99%,23.99%,"Get information pop-up opens,2,000 AIR MILES Bonus Miles and we™ll waive the $120 annual fee in the first year.","Get 3x the Miles for every $12 spent at participating AIR MILES Partners

Get 2x the Miles for every $12 spent at any eligible grocery store
Get 2x the Miles at any eligible wholesale clubs, membership-based retailers and alcohol retailers.

Get up to seven cents off per litre on Shell®± fuel, only for BMO cardholders.
Earn 5x the AIR MILES Reward Miles when booking flights, hotels, and car rentals. Plus, use less Miles with our exclusive 25% discount on one worldwide AIR MILES flight redemption during the calendar year.
Your BMO AIR MILES credit card makes it easier to score Miles while you shop at your favourite brands. *  1 Mile for $12 * Comprehensive Travel and Medical Protection up to 15 days.",BMO,https://www.bmo.com/main/personal/credit-cards/bmo-air-miles-world-elite-mastercard/
BMO Prepaid Mastercard®,"	https://www.bmo.com/dist/images/personal/credit-cards/bmo-prepaid-travel-mastercard.png",$9.99,0%,0%,N/A,N/A,BMO,https://www.bmo.com/main/personal/credit-cards/prepaid-credit-cards/
BMO U.S. Dollar Mastercard®,"	https://www.bmo.com/dist/images/personal/credit-cards/bmo-us-dollar.png",$49,21.99%,23.99%,N/A,Shop in U.S. dollars and skip exchange-rate surprises.,BMO,https://www.bmo.com/main/personal/credit-cards/us-dollar-mastercard/
Students “ BMO CashBack® Mastercard,"	https://www.bmo.com/dist/images/personal/credit-cards/bmo-cashback-mastercard.png",$0,21.99%,23.99%,Get 5% cash back in your first 3 months!,"After your first 3 months, get 3% cash back on grocery purchases, 1% cash back on recurring bill payments and 0.5% unlimited cash back on all other purchases!",BMO,https://www.bmo.com/main/personal/credit-cards/student-bmo-cashback-mastercard/
Student BMO AIR MILES®  Mastercard®,https://www.bmo.com/dist/images/personal/credit-cards/bmo-air-miles-mastercard.png,$0,21.99%,23.99%,Get 800 AIR MILES Bonus Miles¡ (that™s enough for $80 towards purchases with AIR MILES Cash).," 1 Mile for every $25 spent * Always get 3x the Miles for every $25 spent at participating AIR MILES Partners
Get 2x the Miles for every $25 spent at any eligible grocery store.",BMO,https://www.bmo.com/main/personal/credit-cards/student-no-fee-airmiles/
TD Cash Back Visa Infinite* Card,https://www.td.com/content/dam/tdct/images/personal-banking/cash-back-infinite-visa-card-large-1-en.jpeg,$139,20.99%,22.99%,"Earn up to $600 in value , including 10% in Cash Back Dollars in the first 3 months on Bonus Eligible Purchases up to a total spend of $3,5005. Conditions apply.","Complimentary Visa Infinite Concierge: On-call 24 hours a day, seven days a week. The Visa Infinite Concierge can help with any Cardholder request ” big or small, to help you get the most out of life whenever you travel, shop and use your Card. Call toll-free from Canada and the U.S.: 1-888-853-4458 From outside Canada and the U.S.: 1-630-350-4545. * Visa Infinite Luxury Hotel Collection9: Receive seven exclusive benefits when you book your stay through the Visa Infinite Luxury Hotel Collection featuring over 900 of the world™s most intriguing properties. * Travel Medical Insurance7 - Up to $2 million of coverage for the first 10 days. If you or your spouse is aged 65 or older, you are covered for the first 4 days of your trip. Additional top-up coverage is available.",TD ,https://www.td.com/ca/en/personal-banking/products/credit-cards/cash-back/cash-back-visa-infinite-card
TD Cash Back Visa* Card,https://www.td.com/content/dam/tdct/images/personal-banking/cash-back-entry-en.jpeg,$0,19.99%,22.99%,Earn Cash Back Dollars. Redeem them to help pay down your Account balance9.,"TD Payment Plans - Easily turn purchases of $100 or more into manageable 6, 12 or 18 month Payment Plans. Conditions apply. Learn more. * Option to Purchase TD Auto Club Membership
and be covered 24 hours a day for emergency roadside assistance services in case something goes wrong when you are out on the road. * Emergency Cash Advances - You can ask for an emergency Cash Advance in an amount up to $500 for your TD Cash Back Visa Card (subject to your available credit limit).",TD ,https://www.td.com/ca/en/personal-banking/products/credit-cards/cash-back/cash-back-visa-card
TD® Aeroplan® Visa Infinite* Card,https://www.td.com/content/dam/tdct/images/personal-banking/aeroplan-infinite-visa-card-fr-comp39-en.jpeg,$139,20.99%,22.99%,"Earn up to $1,300 in value^ including up to 40,000 Aeroplan points1 and no annual fee for the first year1. Conditions Apply.","Travel lightly through the airport and save on baggage fees. Primary Cardholders, Additional Cardholders, and travel companions (up to eight) travelling on the same reservation will all enjoy their first checked bag free (up to 23kg/50lbs) when your travel originates on an Air Canada flight. * Visa Infinite Luxury Hotel Collection: Receive seven exclusive benefits when you book your stay through the Visa Infinite Luxury Hotel Collection featuring over 900 of the worlds most intriguing properties. * TD Payment Plans: Easily turn purchases of $100 more into manageable 6,12 or 18 month Payment Plans. Conditions apply. Learn more.",TD ,https://www.td.com/ca/en/personal-banking/products/credit-cards/aeroplan/aeroplan-visa-infinite-card
TD® Aeroplan® Visa Platinum* Credit Card,https://www.td.com/content/dam/tdct/images/personal-banking/app-banner-1-10-7-en.jpeg,$89,20.99%,22.99%,"Earn up to $500 in value#, including up to 20,000 Aeroplan points11 and no annual fee for the first year11. Conditions Apply.",Flight/Trip Delay Insurance: Up to $500 in coverage per insured person if your flight/trip is delayed for over 4 hours. * Auto Rental Collision/Loss Damage Insurance8: Coverage for up to 48 consecutive days. * Emergency Travel Assistance Services9: Help is just a call away. Toll-free access to help in the event of a personal emergency while travelling.,TD ,https://www.td.com/ca/en/personal-banking/products/credit-cards/aeroplan/aeroplan-visa-platinum-card
TD® Aeroplan® Visa Infinite Privilege* Credit Card,https://www.td.com/content/dam/tdct/images/personal-banking/apip-banner-1-10-7-fr-en.jpeg,$599,20.99%,22.99%,"Earn up to $3,000 in value* including up to 85,000 Aeroplan points12. Conditions Apply.","Priority Check-In. Check-in faster at the airport6. You and up to eight travel companions travelling on the same reservation will all receive priority check-in for any trip that originates on an Air Canada flight. * Priority Boarding. Get on board your flight earlier6. You and up to eight travel companions travelling on the same reservation will all enjoy Zone 2 priority boarding for any Air Canada flight. * Enjoy your eUpgrades longer 29. Primary Cardholders who also hold Aeroplan Elite Status will benefit from an extra 12 months to use eUpgrade credits, for a total of 24 months from issuance.",TD ,https://www.td.com/ca/en/personal-banking/products/credit-cards/aeroplan/aeroplan-visa-infinite-privilege-card
TD First Class Travel® Visa Infinite* Card,https://www.td.com/content/dam/tdct/images/personal-banking/first-class-travel-en-comp27.jpeg,$139,20.99%,22.99%,"Earn up to $1,000 in value16, including up to 135,000 TD Rewards Points3 and no annual fee for the first year3. Conditions Apply.","Mobile Device Insurance: Up to $1,000 of coverage in the event of loss, theft, accidental damage, or mechanical breakdown for eligible mobile devices. * Visa Secure: Visa Secure provides you with increased security and convenience when you shop online. * Option to Purchase TD Auto Club Membership16 and be covered 24 hours a day for emergency roadside assistance services in case something goes wrong when you are out on the road.",TD ,https://www.td.com/ca/en/personal-banking/products/credit-cards/travel-rewards/first-class-travel-visa-infinite-card
TD Platinum Travel Visa* Card,https://www.td.com/content/dam/tdct/images/personal-banking/TD_Platinum-Travel_EN_Comp27_548x344_tcm341-338972.jpg,$89,20.99%,22.99%,"Earn up to $370 in value14, including up to 50,000 TD Rewards Points4 and no annual fee for the first year4. Conditions Apply.","Flight/Trip Delay Insurance: Up to $500 in coverage if your flight/trip is delayed more than 4 hours. * Common Carrier Travel Accident Insurance: Up to $500,000 of coverage for covered losses while travelling on a common carrier (for example, a bus, ferry, plane, or train). * TD Payment Plans: Easily turn purchases of $100 or more into manageable 6, 12 or 18 month Payment Plans. Conditions apply.",TD ,https://www.td.com/ca/en/personal-banking/products/credit-cards/travel-rewards/platinum-travel-visa-card
TD Rewards Visa* Card,https://www.td.com/content/dam/tdct/images/personal-banking/browse-all/RewardsTravel_VISA_MKT_RGB_L_EN_548x344.jpg,$0,19.99%,22.99%,"Earn a value of $5015,13 in TD Rewards Points to use on eligible Amazon.ca purchases plus, no Annual Fee. Conditions Apply.","Shop online through TDRewards.com: Redeem your TD Rewards Points for great deals on a wide selection of merchandise and gift cards * TD Payment Plans: Easily turn purchases of $100 or more into manageable 6, 12 or 18 month Payment Plans. Conditions apply",TD ,https://www.td.com/ca/en/personal-banking/products/credit-cards/travel-rewards/rewards-visa-card
TD Low Rate Visa* Card,https://www.td.com/content/dam/tdcom/canada/personal-banking/low-rate/lowrate-visa-mkt-en-286x180.png,$25,12.90%,12.90%,TD Low Rate Visa Card can help you balance everyday expenses.,"Save with Avis® Rent A Car and Budget® Rent A Car. Use your Canadian TD Credit Card to save a minimum of 10% off the lowest available base rates7,8 in Canada and the U.S., and a minimum of 5% off the lowest available base rates7,8 internationally, on qualifying car rentals at participating Avis and Budget locations. * Option to Purchase a TD Auto Club Membership9 and be covered 24 hours a day for emergency roadside assistance services in case something goes wrong when you are out on the road.",TD ,https://www.td.com/ca/en/personal-banking/products/credit-cards/low-rate/low-rate-visa-card
TD U.S. Dollar Visa* Card,https://www.td.com/content/dam/tdct/images/personal-banking/browse-all/USDollar_VISA_MKT_RGB_L_EN_548x344.jpg,$39,19.99%,22.99%,Make purchases in U.S. Dollars without credit card foreign currency conversion fees,"Trip Interruption Insurance‘ Up to $5,000 of coverage per insured person, to a maximum of $25,000 for all insured persons on the same trip * Emergency Travel Assistance Services ‘ Help is just a call away. Toll-free access to help in the event of a personal emergency while travelling. * Common Carrier Travel Accident Insurance ‘ Up to $500,000 of coverage for covered losses while travelling on a common carrier (for example, a bus, ferry, plane, or train)",TD ,https://www.td.com/ca/en/personal-banking/products/credit-cards/us-dollar/us-dollar-visa-card
TD Business Travel Visa* Card,https://www.td.com/content/dam/tdct/images/personal-banking/businesstravel-visa-mkt-en-1.jpeg,$149,19.99%,22.99%,"Earn a value of up to $1,1227, 17 in TD Rewards Points (that's up to 175,000 TD Rewards Points)7 with full Annual Fee Rebates in the first year for the Primary Cardholder and first two Additional Cardholders7. Conditions Apply. Account must be approved, open and in Good Standing. Offer effective as of January 7, 2025.","Amazon.ca Shop with Points: Redeem your TD Rewards Points towards making business purchases at Amazon.ca to get what you want, when you want, quickly and easily. Conditions apply. Learn more about how you can redeem your points for all or just part of your purchase. * Emergency Travel Assistance Services14: Help is just a call away. Toll-free access to help in the event of a personal emergency while travelling.",TD ,https://www.td.com/ca/en/business-banking/small-business/credit-cards/business-travel-visa-card
TD® Aeroplan® Visa* Business Card,https://www.td.com/content/dam/tdct/images/business-banking/aeroplan-business-visa-card-comp39-en.jpeg,$149,14.99%,22.99%,"Earn up to 60,000 Aeroplan points2 with the TD® Aeroplan® Visa* Business Card2. Conditions Apply. Account must be approved, open and in Good Standing. Offer effective as of January 7, 2025.",Auto Rental Collision/Loss Damage Insurance: Coverage for up to 48 consecutive days. * Flight/Trip Delay Insurance: Up to $500 in coverage per insured person if your flight/trip is delayed for over 4 hours. * Emergency Travel Assistance Services: Help is just a call away. Toll-free access to help in the event of a personal emergency while travelling.,TD ,https://www.td.com/ca/en/business-banking/small-business/credit-cards/aeroplan-visa-business-card
TD Business Cash Back Visa* Card,https://www.td.com/content/dam/tdct/images/personal-banking/bcb-en.jpeg,$0,19.99%,22.99%,Invest back into your business with Cash Back Dollars.,"Save with Avis Rent A Car and Budget Rent A Car. Use your TD Credit Card to save a minimum of 10% of the lowest available base rates8,9 in Canada and the U.S., and a minimum of 5% of the lowest available base rates8,9 internationally, on qualifying car rentals at participating Avis and Budget locations. * Visa SavingsEdge Program: Discounts of up to 25% off for business purchases made under the Visa SavingsEdge Program7 * Optional TD Auto Club Membership13",TD ,https://www.td.com/ca/en/business-banking/small-business/credit-cards/business-cash-back-visa-card
TD Business Select RateTM Visa* Card,https://www.td.com/content/dam/tdct/images/personal-banking/bsr-en.jpeg,$0,11.99%,11.99%,Save on interest to grow your business with confidence,Auto Rental Collision/Loss Damage Insurance coverage for up to 48 consecutive days * Optional TD Auto Club Membership * Access to optional Travel Medical Insurance8 and Trip Cancellation and Trip Interruption Insurance,TD ,https://www.td.com/ca/en/business-banking/small-business/credit-cards/business-select-rate-visa-card
RBC Avion Visa Infinite,https://www.rbcroyalbank.com/credit-cards/_assets-custom/images/cards/iav_infiniteavion_en_sm@2x.png,$120,20.99%,22.99%,"A minimum personal income of $60,000 or a minimum household income of $100,000 is required for this card. Please note that this premium card can impose higher card acceptance costs on merchants.","Get 35,000 Welcome Points on approval and 20,000 bonus points when you spend $5,000 in your first 6 months",RBC ,https://www.rbcroyalbank.com/credit-cards/travel/rbc-avion-visa-infinite.html?_gl=1*8g5mmb*_up*MQ..&gclid=Cj0KCQjws-S-BhD2ARIsALssG0alIW6TIQU_Pggsr811qjNIeq07z90a74QtJpK6ORlsC2GB4LILs3caAiKdEALw_wcB
RBC ION+ Visa,https://www.rbcroyalbank.com/credit-cards/_assets-custom/images/cards/rbc-avion-rewards-ion-plus_en_sm@2x.png,$48,20.99%,22.99%,N/A,"Enjoy 14,000 Avion welcome points upon approval  thats a value of $100 in gift cards . Apply by May 7, 2025. * Earn 3X Avion points for every $1 spent on groceries, gas, dining, food delivery, rides, streaming, subscriptions, digital gaming and more.",RBC ,https://www.rbcroyalbank.com/credit-cards/rewards/rbc-ion-plus-visa.html?_gl=1*1v279q5*_up*MQ..&gclid=Cj0KCQjws-S-BhD2ARIsALssG0alIW6TIQU_Pggsr811qjNIeq07z90a74QtJpK6ORlsC2GB4LILs3caAiKdEALw_wcB
WestJet RBC World Elite Mastercard,https://www.rbcroyalbank.com/credit-cards/_assets-custom/images/cards/mc4_wjwe_worldelite_en_sm@2x.png,$119,20.99%,22.995,"Get up to 450 WestJet dollars (a value of up to $450 off the base fare) when you spend a minimum of $5,000 in the first 3 months on your card, as well as an anniversary bonus1 * Receive a round-trip companion voucher “ every year “ for any WestJet destination starting from $1192 (plus taxes, fees, charges and other ATC) or choose to exchange it for 4 lounge vouchers","Reach higher with WestJet Rewards Status Lift. Now everyday purchases on the WestJet RBC World Elite Mastercard can bring you closer to achieving status with WestJet4",RBC ,https://www.rbcroyalbank.com/credit-cards/travel/westjet-rbc-world-elite-mastercard.html?_gl=1*1v279q5*_up*MQ..&gclid=Cj0KCQjws-S-BhD2ARIsALssG0alIW6TIQU_Pggsr811qjNIeq07z90a74QtJpK6ORlsC2GB4LILs3caAiKdEALw_wcB
RBC ION Visa,https://www.rbcroyalbank.com/credit-cards/_assets-custom/images/cards/rbc-avion-rewards-ion_en_sm@2x.png,$0,20.99%,22.99%,"Get 7,000 Avion points upon approval^ - that™s $50 of value in gift cards ! Apply by May 7, 2025","Enjoy 7,000 Avion welcome points upon approval  thats a value of $50 in gift cards ! Apply by May 7, 2025 * Earn 1.5X Avion points for every $1 spent on groceries, rides, gas, streaming, subscriptions, digital gaming and more.",RBC ,https://www.rbcroyalbank.com/credit-cards/rewards/rbc-ion-visa.html?_gl=1*799ww*_up*MQ..&gclid=Cj0KCQjws-S-BhD2ARIsALssG0alIW6TIQU_Pggsr811qjNIeq07z90a74QtJpK6ORlsC2GB4LILs3caAiKdEALw_wcB
More Rewards RBC Visa,https://www.rbcroyalbank.com/credit-cards/_assets-custom/images/cards/MR1_morerewards_en_sm@2x.png,$0,20.99%,22.99%,Earn 3 More Rewards points for every $1 you spend on every other purchase you make everywhere you shop.5,"Enjoy up to 50,000 More Rewards points. Thats a value of $75 in groceries! * Earn 5 More Rewards points for every $1 spent at over 700 partner locations like Save-On-Foods, Quality Foods, Buy-Low Foods, and more. * Earn 5 More Rewards points for every $1 you spend on gas, EV charging and dining.",RBC ,https://www.rbcroyalbank.com/credit-cards/rewards/more-rewards-rbc-visa.html?_gl=1*1ug03m6*_up*MQ..&gclid=Cj0KCQjws-S-BhD2ARIsALssG0alIW6TIQU_Pggsr811qjNIeq07z90a74QtJpK6ORlsC2GB4LILs3caAiKdEALw_wcB
moi RBC Visa,https://www.rbcroyalbank.com/credit-cards/_assets-custom/images/cards/moi-rbc-visa_en_sm@2x.png,$0,20.99%,22.99%,"Get 3,500 bonus Moi points when you spend $2,000 in the first twelve months on your card1","Get up to 10,000 bonus Moi points (a value of $80) * Get 3,000 welcome Moi points upon your first purchase * Get 3,500 bonus Moi points when you spend $500 in the first three months on your card",RBC ,https://www.rbcroyalbank.com/credit-cards/rewards/moi-rbc-visa.html?_gl=1*1ug03m6*_up*MQ..&gclid=Cj0KCQjws-S-BhD2ARIsALssG0alIW6TIQU_Pggsr811qjNIeq07z90a74QtJpK6ORlsC2GB4LILs3caAiKdEALw_wcB
More Rewards RBC Visa Infinite,https://www.rbcroyalbank.com/credit-cards/_assets-custom/images/cards/MR2_morerewardsinfinite_en_sm@2x.png,$0,20.99%,22.99%,Earn 4 More Rewards points for every $1 you spend on every other purchase you make everywhere you shop.,"Enjoy up to 50,000 More Rewards points. Thats a value of $75 in groceries! * Earn 8 More Rewards points for every $1 at over 700 partner locations like Save-On-Foods, Quality Foods, Buy-Low Foods, and more.* Earn 8 More Rewards points for every $1 you spend on gas, EV charging and dining.",RBC ,https://www.rbcroyalbank.com/credit-cards/rewards/more-rewards-rbc-visa-infinite.html?_gl=1*1ug03m6*_up*MQ..&gclid=Cj0KCQjws-S-BhD2ARIsALssG0alIW6TIQU_Pggsr811qjNIeq07z90a74QtJpK6ORlsC2GB4LILs3caAiKdEALw_wcB
RBC Cash Back Preferred World Elite Mastercard,https://www.rbcroyalbank.com/credit-cards/_assets-custom/images/cards/mcp_cashbackpreferred_en_sm@2x.png,$0,20.99%,22.99%,Mastercard Airport Experiences provided by DragonPass,"Get 12% cash back on all purchases for the first 3 months up to $2,000 in total purchases. Thats up to $240 in cash back! * Unlimited cash back of up to 1.5% on all purchases thereafter * Premium Cash Back credit card benefits",RBC ,https://www.rbcroyalbank.com/credit-cards/cash-back/rbc-preferred-world-elite-mastercard-t.html?_gl=1*1vkgfou*_up*MQ..&gclid=Cj0KCQjws-S-BhD2ARIsALssG0alIW6TIQU_Pggsr811qjNIeq07z90a74QtJpK6ORlsC2GB4LILs3caAiKdEALw_wcB
RBC Cash Back Mastercard,https://www.rbcroyalbank.com/credit-cards/_assets-custom/images/cards/mc1_cashbackmc_en_sm@2x.png,$0,20.99%,22.99%,"Thereafter, unlimited cash back & up to 2% cash back on groceries and up to 1% cash back on all other purchases1 * No annual fee * Purchase security and extended warranty protection","Get up to 7% cash back in the first 3 months on up to $1,000 in total purchases * 5% bonus cash back up to $1,000 spend for all purchases, plus * 2% cash back on groceries and 0.5% on all other purchases",RBC ,https://www.rbcroyalbank.com/credit-cards/cash-back/rbc-cashback-mastercard-t.html?_gl=1*1vkgfou*_up*MQ..&gclid=Cj0KCQjws-S-BhD2ARIsALssG0alIW6TIQU_Pggsr811qjNIeq07z90a74QtJpK6ORlsC2GB4LILs3caAiKdEALw_wcB
RBC Visa Classic Low Rate Option,https://www.rbcroyalbank.com/credit-cards/_assets-custom/images/cards/clo_classiclowrate_en_sm@2x.png,$20,12.99%,12.99%,Purchase security and extended warranty insurance,Low interest rate on purchases and cash advances * Low annual fee,RBC ,https://www.rbcroyalbank.com/credit-cards/low-interest/rbc-visa-classic-low-rate.html?_gl=1*7uguhc*_up*MQ..&gclid=Cj0KCQjws-S-BhD2ARIsALssG0alIW6TIQU_Pggsr811qjNIeq07z90a74QtJpK6ORlsC2GB4LILs3caAiKdEALw_wcB
RBC Avion Visa Infinite Privilege,https://www.rbcroyalbank.com/credit-cards/_assets-custom/images/cards/avp_infinite_en_sm@2x.png,$399,20.99%,22.99%,"Choose any airline, any flight, any time. There are no blackout dates or advance booking restrictions, even during peak periods. * Enjoy luxury travel benefits and exclusive privileges","Get up to 70,000 Avion points(travel value of up to $1,500 ). * 35,000 Avion Points on approval * 20,000 bonus points when you spend $5,000 in your first 6 months * 15,000 one-time anniversary bonus points",RBC ,https://www.rbcroyalbank.com/credit-cards/travel/rbc-avion-visa-infinite-privilege.html?_gl=1*1wnma1f*_up*MQ..&gclid=Cj0KCQjws-S-BhD2ARIsALssG0alIW6TIQU_Pggsr811qjNIeq07z90a74QtJpK6ORlsC2GB4LILs3caAiKdEALw_wcB
RBC Avion Visa Platinum,https://www.rbcroyalbank.com/credit-cards/_assets-custom/images/cards/gcp_platinumavion_en_sm@2x.png,$120,20.99%,22.99%,"One-way flights start as low as 7,500 Avion points!^","Get 35,000 Welcome Points on approval and 20,000 bonus points when you spend $5,000 in your first 6 months. Apply by June 3, 2025. * Choose any airline, any flight, any time. There are no blackout dates or advance booking restrictions, even during peak periods.",RBC ,https://www.rbcroyalbank.com/credit-cards/travel/rbc-visa-platinum-avion.html?_gl=1*6up17x*_up*MQ..&gclid=Cj0KCQjws-S-BhD2ARIsALssG0alIW6TIQU_Pggsr811qjNIeq07z90a74QtJpK6ORlsC2GB4LILs3caAiKdEALw_wcB
RBC Visa Platinum,https://www.rbcroyalbank.com/credit-cards/_assets-custom/images/cards/plt_platinum_en_sm@2x.png,$0,20.99%,22.99%,Emergency travel assistance,"No annual fee * Premium insurance coverage for your car, travel and eligible purchases",RBC ,https://www.rbcroyalbank.com/credit-cards/no-fee/rbc-visa-platinum.html?_gl=1*1xhht78*_up*MQ..&gclid=Cj0KCQjws-S-BhD2ARIsALssG0alIW6TIQU_Pggsr811qjNIeq07z90a74QtJpK6ORlsC2GB4LILs3caAiKdEALw_wcB
RBC RateAdvantage Visa,https://www.rbcroyalbank.com/credit-cards/_assets-custom/images/cards/vpr_rateadvantage_en_sm@2x.png,$0,8.99%,8.99%,Purchase Security and Extended Warranty insurance4,Low variable interest rate * No annual fee,RBC ,https://www.rbcroyalbank.com/credit-cards/low-interest/rbc-rateadvantage-visa.html?_gl=1*1xhht78*_up*MQ..&gclid=Cj0KCQjws-S-BhD2ARIsALssG0alIW6TIQU_Pggsr811qjNIeq07z90a74QtJpK6ORlsC2GB4LILs3caAiKdEALw_wcB
RBC U.S. Dollar Visa Gold,https://www.rbcroyalbank.com/credit-cards/_assets-custom/images/cards/gus_usgold_en_sm@2x.png,$65,20.99%,22.99%,Extensive insurance coverage including trip cancellation and 24/7 travel assistance,Make your transactions in U.S. funds and avoid daily currency fluctuations * Earn 1 Avion point for every U.S. dollar you spend,RBC ,https://www.rbcroyalbank.com/credit-cards/travel/rbc-us-dollar-visa-gold.html?_gl=1*60ifqi*_up*MQ..&gclid=Cj0KCQjws-S-BhD2ARIsALssG0alIW6TIQU_Pggsr811qjNIeq07z90a74QtJpK6ORlsC2GB4LILs3caAiKdEALw_wcB
WestJet RBC Mastercard,https://www.rbcroyalbank.com/credit-cards/_assets-custom/images/cards/mc2_wj_westjet_en_sm@2x.png,$39,20.99%,22.99%,Earn WestJet dollars on your everyday purchases3,"Earn up to 100 WestJet dollars (with $1,000 spend in the first 3 months). * Get an annual round-trip companion voucher starting from $199 CAD (plus taxes, fees, charges and other ATC) for round-trip travel within Canada and to/from the continental U.S. (Excluding Hawaii).",RBC ,https://www.rbcroyalbank.com/credit-cards/travel/westjet-rbc-mastercard.html?_gl=1*60ifqi*_up*MQ..&gclid=Cj0KCQjws-S-BhD2ARIsALssG0alIW6TIQU_Pggsr811qjNIeq07z90a74QtJpK6ORlsC2GB4LILs3caAiKdEALw_wcB
RBC British Airways Visa Infinite,https://www.rbcroyalbank.com/credit-cards/_assets-custom/images/cards/bap_ba_britishairways_en_sm@2x.png,$165,20.50%,22.99%,Earn 1 Avios for every $1 CAD you spend on all other qualifying purchases2 * Receive a Companion voucher3,"Receive up to 60,000 bonus Avios. * Earn 3 Avios for every $1 CAD you spend on British Airways purchases * Earn 2 Avios for every $1 CAD you spend on Dining",RBC ,https://www.rbcroyalbank.com/credit-cards/travel/rbc-british-airways-visa-infinite.html?_gl=1*60ifqi*_up*MQ..&gclid=Cj0KCQjws-S-BhD2ARIsALssG0alIW6TIQU_Pggsr811qjNIeq07z90a74QtJpK6ORlsC2GB4LILs3caAiKdEALw_wcB
RBC Avion Visa Infinite Business,https://www.rbcroyalbank.com/credit-cards/_assets-custom/images/cards/aib_businessinfiniteavion_en_sm@2x.png,$175,19.99%,22.99%,"Get 35,000 Avion points2 * Earn 1.25 Avion points for every $1 spent in net purchases with your card, on up to $75,000 per year3",A suite of premium insurances even your cell phone is covered,RBC ,https://www.rbcroyalbank.com/business/credit-cards/small-business-credit-cards/avion-visa-infinite-business.html?_gl=1*1yn6yi1*_up*MQ..&gclid=Cj0KCQjws-S-BhD2ARIsALssG0alIW6TIQU_Pggsr811qjNIeq07z90a74QtJpK6ORlsC2GB4LILs3caAiKdEALw_wcB
RBC Avion Visa Business,https://www.rbcroyalbank.com/credit-cards/_assets-custom/images/cards/cpx_businessplatinumavion_en_sm@2x.png,$120,19.99%,22.99%,No Annual Fee,"Get 35,000 Avion points * Earn  Avion point for every $1 spent in net purchases with your card",RBC ,https://www.rbcroyalbank.com/business/credit-cards/small-business-credit-cards/rbc-avion-visa-business.html?_gl=1*4tabyv*_up*MQ..&gclid=Cj0KCQjws-S-BhD2ARIsALssG0alIW6TIQU_Pggsr811qjNIeq07z90a74QtJpK6ORlsC2GB4LILs3caAiKdEALw_wcB
RBC Business Cash Back Mastercard,https://www.rbcroyalbank.com/credit-cards/_assets-custom/images/cards/mc6_business_cashback_mc_en_sm@2x.png,$0,19.99%,22.99%,,Earn 2% cash back on all your purchases* for the first three months * Earn 1% cash back* on all purchases thereafter,RBC ,https://www.rbcroyalbank.com/business/credit-cards/small-business-credit-cards/business-cash-back-mastercard.html?_gl=1*4tabyv*_up*MQ..&gclid=Cj0KCQjws-S-BhD2ARIsALssG0alIW6TIQU_Pggsr811qjNIeq07z90a74QtJpK6ORlsC2GB4LILs3caAiKdEALw_wcB
Scotiabank Passport® Visa Infinite* Card,https://www.scotiabank.com/content/dam/scotiabank/canada/credit-cards/images/category/en/PassportVisaInfinite_V0421_MC_Eng.png,$150,20.99%,22.99%,"you have a minimum income of $60,000 per year, a minimum household income of $100,000, or a minimum of $250,000 assets under management.","Earn up to $1,300+ in value in the first 12 months, including up to 40,000 bonus Scene+ points. * Earn 3 Scene+ points1 on every $1 you spend at Sobeys, Safeway, IGA, Foodland & Participating Co-ops and more.",SCOTIA ,https://www.scotiabank.com/ca/en/personal/credit-cards/visa/passport-infinite-card.html
Scotia Momentum® Visa Infinite* Card,https://www.scotiabank.com/content/dam/scotiabank/canada/credit-cards/images/category/en/MomentumVisaInfinite_MC_en.png,$120,20.99%,22.99%,"A flexible way to pay off your eligible Scotiabank Visa* credit card purchases of $100 or more, with low interest rates on your plan and no installment plan fee.§","Earn 10% cash back on all purchases for the first 3 months (up to $2,000 in total purchases). Plus, no annual fee in the first year, including on additional cards.",SCOTIA ,https://www.scotiabank.com/ca/en/personal/credit-cards/visa/momentum-infinite-card.html
Scotiabank Gold American Express® Card,https://www.scotiabank.com/content/dam/scotiabank/canada/credit-cards/images/category/en/AmexGold_GoldLogo_MC_En.png,$120,20.99%,22.99%,"You will not pay 2.5% foreign transaction fees on any foreign currency purchases, including online shopping and when travelling abroad. Only the exchange rate applies.8","Earn up to $750* in value in the first 12 months, including up to 40,000 bonus Scene+ points.1 * Earn 6 Scene+ points2 on every $1 CAD you spend in Canada at Sobeys, Safeway, FreshCo, Foodland and more.",SCOTIA ,https://www.scotiabank.com/ca/en/personal/credit-cards/american-express/gold-card.html
Scotiabank® Scene+„¢ Visa* Card,https://www.scotiabank.com/content/dam/scotiabank/canada/credit-cards/images/category/en/ScenePlus_Visa_NoName_MC_En.png,$0,20.99%,22.99%,"A flexible way to pay off your eligible Scotiabank Visa* credit card purchases of $100 or more, with low interest rates on your plan and no installment plan fee..§","Earn up to 5,000 bonus Scene+ points within your first 3 months. * Earn 2 Scene+ points on every $1 you spend at Sobeys, Safeway, Foodland & Participating Co-ops, FreshCo and more. * Earn 2 Scene+ points4 on every $1 you spend at Home Hardware.",SCOTIA ,https://www.scotiabank.com/ca/en/personal/credit-cards/visa/scene-card.html
Scotia Momentum® Visa* Card,https://www.scotiabank.com/content/dam/scotiabank/canada/credit-cards/images/category/en/Momentum_Visa_En.png,$39,19.99%,22.99%,"A flexible way to pay off your eligible Scotiabank Visa* credit card purchases of $100 or more, with low interest rates on your plan and no installment plan fee.§",Get a 2.99% introductory interest rate on balance transfers for the first 6 months (22.99% after that; annual fee $39).,SCOTIA ,https://www.scotiabank.com/ca/en/personal/credit-cards/visa/momentum-cash-back-card.html
Scotia Momentum® No-Fee Visa* Card,https://www.scotiabank.com/content/dam/scotiabank/canada/credit-cards/images/category/en/Momentum_Visa_En.png,$0,19.99%,22.99%,"A flexible way to pay off your eligible Scotiabank Visa* credit card purchases of $100 or more, with low interest rates on your plan and no installment plan fee.10","Earn 5% cash back on all purchases for the first 3 months (up to $2,000 in total purchases).2 Plus, get a 0% introductory interest rate on balance transfers for the first 6 months (2% fee per cash advance, 22.99% after that; annual fee $0).",SCOTIA ,https://www.scotiabank.com/ca/en/personal/credit-cards/visa/momentum-no-fee-card.html
Scotiabank American Express® Card,https://www.scotiabank.com/content/dam/scotiabank/canada/credit-cards/images/category/en/AmexRed_RedLogo_MC_En.png,$0,19.99%,22.99%,"Earn up to 5,000 bonus Scene+ points within your first 3 months (that™s up to $50 towards travel).","Earn up to 5,000 bonus Scene+ points within your first 3 months (thats up to $50 towards travel). * Earn 3 Scene+ points1 on every $1 you spend at Sobeys, Safeway, FreshCo, Foodland and more.",SCOTIA ,https://www.scotiabank.com/ca/en/personal/credit-cards/american-express/no-fee-amex-card.html
Scotiabank Platinum American Express® Card,https://www.scotiabank.com/content/dam/scotiabank/canada/credit-cards/images/category/en/AmexPlatinum_PlatLogo_MC_En.png,$399,9.99%,9.99%,"Earn up to $2,500* in value in the first 14 months, including up to 80,0004 bonus Scene+ points.","Earn up to $2,500* in value in the first 14 months, including up to 80,0004 bonus Scene+ points. * Earn 2X the Scene+ points1 for every $1 you spend.",SCOTIA ,https://www.scotiabank.com/ca/en/personal/credit-cards/american-express/platinum-card.html
Scotiabank Passport® Visa Infinite Privilege* Card,https://www.scotiabank.com/content/dam/scotiabank/canada/credit-cards/images/category/en/PassportVisaInfinitePrivilege-Card-EN.png,$599,20.99%,22.99%,Enjoy a $150 reduction of your annual fee with an Ultimate Package account.,"Earn up to 80,000 bonus Scene points in your first 14 months. Thats up to $800 in value.* Earn 3 Scene+ points for every $1 you spend on eligible travel purchases. * Earn 2 Scene+ points for every $1 you spend on eligible dining and entertainment.",SCOTIA ,https://www.scotiabank.com/ca/en/personal/credit-cards/visa/passport-infinite-privilege-card.html
